epoch,loss,accuracy,prediction
1,7.927747189998627,0.029035380148403053,皋孛叉­倔壹活铸泵叉革革西革〕暄剧簸徉庆番革孛赤番亥抬抬纠牾榷番壹矩牾牾活轧庆庆撤徉­赤赤桂欧桂矩革JJ忿k〕牾牾牾牾牾桂桂革革你官活活棱
2,6.921934425830841,0.06452306699645123,的的的的的的的的的。的的的的的的的。的的的的的的的的的的的的的的的。。。。。。。的的的。。。的的的的。。。。。。的的的的的的的的的的的的
3,6.2765913009643555,0.0647381438864394,的的的的的的的的的的的的的的的的的的的的的的的的的的的的的的的的的的的的的的的的的的的的的的的的的的的的的的的的的的的的的的的的的的的的的
4,5.925369679927826,0.07925583396064093,，的的的的的的的的，的。。的的。的的的的的。的。。的的的的的的的的的的。的。。。的的的。的。。。。。的的的的的的的的的的的
5,5.641897618770599,0.10054844606946983,但，的的的，，的的的的。的的的。的的。的的的的。的的。。。的。的的的的的的。的的的。。的的的的的的的的的的的的的的的的的的的的的
6,5.358422636985779,0.1465749005269384,在的的的的的的的的的的的的的的的的的的的的的的的的的。。的的的的的的的的的的的的的。。。。的的的的的的的的的的的的的的的的的的的的的的的
7,5.0922271609306335,0.17937412625013444,但是的是，的的的的的一，的，这的，是的的，这的的义的的的的的的的。，，的国的的的，的的，的的的的的。。的的的的的的的的的的的的的的的的
8,4.8369691371917725,0.20260243036885686,但是易。，能是，个。的，，的，，，的，国的的，。的的的的，，，，，，，，的，，，，。。。，，的。。。。。。。。。。。。。。。。。。。。
9,4.568014144897461,0.23583180987202926,但国，，们个，国，2，，的球是多国家的年。他一国家，国的。的是是。。题，，。。，在在。须的，的，在治。，。的在在，，，，，，。，有有有，
10,4.2985294461250305,0.2646521131304441,但时，这在的经，大。9年9年的是况。。在是的。的的的的的。。。。。。。。。。。年年。。。年。。在在在年年年年的的的的
11,4.0371413230896,0.3017528766534036,但9由，，——年的个，这们的。年，。来的个的。，测。的的，，，，，，，，，，，，，，，，，，，，国—————，，，，，，，，，，，，，，
12,3.7776251137256622,0.33745564039143994,但2，，，年1年里——年的11，这的年济年的2他洲的有将。，国在盟经不的为。——，。在。。济，但的经是有，去的经0和和会。。年。。。。。
13,3.5267969965934753,0.3776750188192279,但是在，但朗普，在是，的，。，，，。的是他。，这们的以是的疑的们，人的的为由的脱不人年是。，的。的的为理的。是。的的的的的的的的的的的的
14,3.2706525027751923,0.4243467039466609,这一不是的的决策IIP的判的国然的在的。题的都在。。的，，，，，，，，，，，，，，，，，。。。。。。。。。。。。。。。。。。。。。。现现
15,3.0236675143241882,0.4730616195289816,这，，年，，世界贸易传播着，的，世如今，世界贸易传播着经济靡，的当当大大况。。。，，机机机，，，，易易这在，，，，，，，一，，，，，，
16,2.764953166246414,0.5158619206366276,但是界贸在，得和全地区和在2益影响全球经济和其他们生地势。的和和和。。。的的的的。。。。。。的的正是是的的的的的地和的的的正和和是为为
17,2.503842353820801,0.57672868050328,这，，务利在的美高预测美国增长的。。。的可了了在在在在在在在。。。。在在在在。。。。。。。。将贸贸。。。可。可。。。。。。。。。。人人人
18,2.254723906517029,0.6342617485751156,欧洲的重振战略的，，，，。，，，，，，，，，，，，，，在在在在在是是在成成成成，的的的在在在在欧在在在—在主是，，
19,2.015700787305832,0.6916872782019572,这果那反，恐怖主义在成功责任的政府在世界上的。心要了，这是错误的。。现现不是是是现现现现现现现现现现了现现现现现现现了了现现现现的了了现
20,1.7832822650671005,0.7472846542638993,恐怖分子和恐怖主义不可能根，，就是是们不可能从地球上，灭国病一个。，的的的的的的的。。。欧，，的的。。。。。的。。。。的的的的的的的的不
21,1.554108664393425,0.7958920314012259,而个人似乎都是种家，即使有些国家—其它国家受到的影响更大。的实实在性的有有和和和和和。。。和国到的。。。。有，其动应到到到到，，和到到到
22,1.3401957303285599,0.8512743305731799,但得注意的是，人们走上的罗和大马士我街头，也加的口不是基地组织的口号，也没有对它的纲领表并支持。的的的的的的的的的的的的的的的和为为已为
23,1.1366295218467712,0.8877298634261749,为什么一个的靠占他人的宜来谋生，并开始认并未来持在理为额税为，并以避在为，的人会成为大选最终的家的的要是以以方。。了了为为成成成洲没决决
24,0.9620416685938835,0.9178406280245187,特萨马·本·拉登最终被美国特种部队找到并击毙。。于发大，在在在在在和和于在在，美到到到到前于于这了了美美美美美美美了，，，，美美美，，，
25,0.7981380820274353,0.9421443165931821,一开始，很多人把这次危机比作1982年或198年年或发生的情况，因样得类比是，人宽心的，因为这样段时期性味着典型的周期性衰退。的合“这这
26,0.655314713716507,0.9573072373373481,如今，这些问题因为全球贸易的支持———国增长放缓而最上加霜。 而最坏的时刻还没有到来。。。。。。。和恐。恐而而怖以以在成成成成没没没没现
27,0.5332065522670746,0.9680610818367567,结果，系统性风险悄然酝酿，并且超过了央行官员最大胆的想象。的的想想出有。可的为。新新的在在在在。过过。。。。。可可可在在高全高新可，，，
28,0.4269058331847191,0.9734380040864609,欧洲在避免债务和捍卫欧元的名义下正变得谨慎，而美国已经在许多方面行动起来，而利用这一理想的时机来实行动需的结构性改革。。”的的的的的，美
29,0.3514416888356209,0.9766641574362834,例如在2016年初，很显然在过去几年中呈现的全球总需求不大将不大可能出现巨大可变。。时如出出人人人人在在在有有的的可。，，在出。和中的将
30,0.28711989149451256,0.9792450801161415,沃尔夫给抵御这场危机开出的药方简单、明智并且无懈可击。的观在当大决观的的政政政的的到员员美无性性他外期方方无要要性方、、为为为三、无是为
31,0.2396636176854372,0.979782772341112,“战争”将会意味着把恐怖分子接受为合法的敌人，其含义与具有认同的交战规则的一场血腥战争的对等体相同。的。此带的的的已间带的的的的的的的的
32,0.21106134727597237,0.9802129261210882,1%。 但IMF仍然坚持—在在过去七年中它一贯如此，几乎没有什么预见性可言—明明年会更好。来他力会在成成比这有有本国式—，，成了了成成经
33,0.18832143023610115,0.9799978492311001,事实上，恐怖分子在某些领域走在了前头。。的在动动着对对于的的在的的的的的的些些些的的的的世关事的的的的的的的的的的的的的的的的使，的的的
34,0.1706616971641779,0.9795676954511238,在大多数欧洲大陆国家，”9/111已经成为一个美国人的日子。。政实出被不不。。没没没的没没出出出的的““出出的的的。。出一。。。。的的出
35,0.16352271474897861,0.9779546187762125,而事实上，2000—2000年的金融动荡已经基本消失。的代代已的和我有方已已组组机危危的已受和能能能则能能能能能能成——为到的部部的的到
36,0.13809905666857958,0.981180772126035,当爱尔兰恐怖主义在英国猖獗之际，各届英国政府都竭力不屈从于爱尔兰共和军的观点，即正在进行一场战争。的，，，对。。。。。会对对的的的被恐作
37,0.11241848114877939,0.983654156360899,当然，现在的情况和19年9年的情况明显不同了。。我的的是论我创创创论论苏苏同论示年不论同同今论论论。这同同同同然反反今论反。。。今今今在
38,0.10812427010387182,0.9832240025809227,我们目前“交战”的恐怖分子无法获胜，因为他们的观暗的观点永远不会赢得广泛的公众合法认可。的的有以受。，让、有？实？的—的和和？？实和和实
39,0.10846725851297379,0.9826863103559522,我们目前“交战”的恐怖分子无法获胜，因为他们的黑暗的观点永远不会赢得广泛的公众合法认可。的的有。。。。让”有有实”实和—和和？实和和和实
40,0.09199754800647497,0.9849446177008281,但这并不意味着欧盟政府在今后一年所面临的挑战减轻。）上上上一一想想，，，，多多多多，着着，，，势出的很的的还还多面成已此此此此此此欧此此
41,0.08885719487443566,0.9851596945908162,是世界最有竞争力地区和产业的所在地； 最重要的是，它还构建了一个由五亿人组成的社会和市场。。和和地危市要反也时时心。。。地的的的必世他必
42,0.08812917768955231,0.9847295408108399,沃尔夫给抵御这场危机开出的药方简单、明智并且无懈可击。的只在在可在成不任作政政政的的员员的的的的他他翻翻沃无无性性方、、、、、性无无出人
43,0.0898315915837884,0.9840843101408754,还是即便在困难时期也得以实现超过6％增长的中国？。在在在一发发更随动”的的和和和和事事事事事事事如如欧和增和以以特多提提提提资和和和动动
44,0.08795150555670261,0.9847295408108399,大家都在猜测谁的承受能力更强：是普通民众在泥潭里长期挣扎的美国？的是是是在在。，，。。。。。。。。来。。。的的的的严在一的来来会在在
45,0.07726582232862711,0.986127540595763,2000年9月1日日，以任何标准看都是一个可怕的惨剧，但它并非一个历史转折点。一也也欧大此此也也一果一多为于用用的准它义捍乎他的不准准构
46,0.07168638380244374,0.9867727712657275,而历史是不公平的。 尽管美国要为当今的全球危机负更大的责任，但美国可能会比大多数国家以更良好的势态走出困境。的更他征征机机机。。。。美美
47,0.0706794448196888,0.9867727712657275,幸运的是，许多欧洲人对欧盟的看法事实上在英国退欧公投后有改善的迹象。的，的的的了。没时时几了了了了了了了了了了了了了改改改。了了了年作有
48,0.07379110902547836,0.986235079040757,它们只破坏，不建设。利利。。。。加。。。。点点更个，利出。建更任更更。更更更更更更更对对更，加加加。。低低低加加加对更更更，利会下下设利
49,0.07249949732795358,0.9855898483707926,此外，最大胆的动作要数欧盟引入欧元作为共同货币。。发发励励在在在在在发。。发。。——平些通上欧人领的的的为货货货货的的货的的的在在“而而
50,0.07110731396824121,0.9852672330358103,如今，这些问题因为全球贸易的支柱———国增长放缓而雪上加霜。 而最坏的时刻还没有到来。。。。。就增增。度增为为。以以在在在没没没为。为。
51,0.07171295629814267,0.9864501559307453,而俄罗斯总统普京也必然会将欧洲的失败视为影响欧洲的多地区的良机。。而有有有有有，制制并为有有。有有观。。是是的的区为为是是是是为为义，，
52,0.06778935482725501,0.9864501559307453,如果把反对恐怖主义当成负责任的政府在世界上的核心要务，这是错误的。。不不不不不不当当当现现现现不不不不不开现现现时最由由由现是时的了了外
53,0.06070761987939477,0.9872029250457038,基地组织丧失了位于阿富汗的巢穴，正式因为向它提供庇护的塔利班政府被推翻。利化化的的的的于于于运。的的于于于的的的性o。于于的了觉为于于，
54,0.05760960001498461,0.9879556941606624,（如果TTIP向其他经济体开放———如土耳其、墨西哥和加拿大———收益还将更大。 ）。—则—是。。。是是是）一““一一一而而P大大。政加
55,0.055930230766534805,0.9878481557156683,如果那次会议真的召开，也有可能笼罩在俄罗斯驻土耳其大使被杀的阴影当中。。，，。。，。。。。。，，，解增增。实实实。。。。。。增被国，，，
56,0.05862585315480828,0.9880632326056565,随后又会是何种状况？。？？？？恐恐恐。。错。日日他他他他会的？？会会有。。。。。。他他是。是是？错？？是是是是？错方。他他他的的。。恐恐
57,0.05080106342211366,0.9903215399505323,这一信心持续缺失的唯一符合逻辑的解释，正如西北大学的罗伯特·戈登（Robert Gordon）费煞苦心地记录和论证的，是生产率增长缓慢。
58,0.04689115798100829,0.9905366168405205,旧的组织刚被摧毁，新的组织就冒出头来。。富组组组组投投组了组组组组组组方的业新新组组组组组投组组组组组组组组组组组组组组组组组组组组投，
59,0.0386084895581007,0.9910743090654909,暂时摆脱了紧缩的欧元区将受到全球贸易萎靡的束缚。。受受。。。。。到到到成的的的本意大大大可可，，改这这威受为意美成成成到受的的的方方受受
60,0.04188763163983822,0.9905366168405205,特朗普可能喜欢颠覆常规的经济学法则，因为他乐于奉行自己那一套巫术经济学，但这是行不通的。。则导目击上。。处示实合行行行和和和和但济济事事
61,0.04221293888986111,0.9896763092805678,软弱的政府可以得到加强，纵容乃至支持恐怖主义的政府则必须为此负责。了导导的成导从但但但的我为是是的的必增没种以政政得政成成成成成成不成在
62,0.039906266843900084,0.9908592321755028,目前的趋势是，要么是过度的克制（美洲），要么是努力的扩展（美国）。的，，的的的力力、展展分的的，对力被被。。应应然一对对对对、一增是的的
63,0.04361465759575367,0.9903215399505323,但世界正在变化：亚太地区正在日益影响全球经济和其他发展趋势。三运最开和和和地地想收的的。。于全的全全是是“全全全地“全的的的最最和和和，
64,0.039774337550625205,0.9902140015055382,但是，这一立场并没有防止德语中所说的忧虑的扩散。、大大更更更增增增恐恐恐和和，，，吹增。增正长们阿，，大大大是是是所所最应所所所而是最最
65,0.051729724276810884,0.9888160017206151,当今的某些对人身自由以及民权的限制含有限制其时效的废止条款。 所有这些法规都应当定期接受议会的重新审查。有会致现时的的的时没没没没没没没
66,0.05173676321282983,0.9890310786106032,TTTP的目标是释放跨大西洋经济的力量—目目前大西洋两岸仍是世界最大最大有的市场，占全球金融活动的四分之三和世界贸易量的一大半。。通通头
67,0.05024196533486247,0.9890310786106032,首先，世界贸易年增长率只有区区区%，而2000—2000年间高达8%。的远共击的的的的带带发发确的权罩减判观者者共不的一带带观的的的不过
68,0.04946265579201281,0.9884933863856329,军事无人机在击毙恐怖组织头目的行动中作用非凡。的了击击击击击后击击击击美击击击击构到到为为击击击击击击击击击击击击击击要要击击击击击议作
69,0.04750895034521818,0.9883858479406388,很久以来，古巴关塔那摩湾的战俘营成为了闻所未闻的象征，也就是不经审判逮捕被剥夺所有人员的“非法战斗人员”。方是那市扩方出那那夺夺夺夺们定
70,0.03853530692867935,0.9908592321755028,但签订贸易协议，特别是包含如此多监管问题的贸易协议，永远不是件容易事，因为它必须考虑到现代经济的复杂性。易变性。。动动受有有不不不不的的
71,0.0415840067435056,0.9902140015055382,而特朗普质疑美国是否将继续坚持“一个中国”政策的声明极有可能严重损害世界两大经济体之间的关系。。毁参平当在在反苏力语限主有有个，。，，美
72,0.0387336693238467,0.9906441552855145,并不是所有人都赞同这一美国式的观点。的反反反反家的的的。这这这组它它的的的的的欧欧。民民。。。。接应应谈大在上上人家谈出在这这的的的的这
73,0.043434531427919865,0.9898913861705559,危机前，特别是2033——077年，生产率增长缓慢被一种世界大部分国家都在欣欣欣荣的幻觉所蒙蔽。。然虑虑—”被觉觉的于和和的的的””为为
74,0.04286600626073778,0.9892461555005915,布莱尔第一个主张安全是第一自由。由开的正安布布正正民民是央订一一一了无无它它它恐恐家。严严严正所所所的自里正正正正安主上上于，，正正正正
75,0.04867354757152498,0.9894612323905796,任何一个火车事故或者飞机坠毁现在都首先被怀疑是恐怖主义行为。。发被被被主主1%多组合合合合性性比为为成成多多没或的是组组被—，前组组和假
